66	LLMLLLLLLAALLGILLGLIGVLRMNLNLRNK	-205.726	0.493484	1
294	LLMLLLLLLAALLGLLLGLLLVLLLKLNRRNK	-219.725	0.498196	2
773	LLMLLLLLLAALLGILLGLLLVLLLKLNRRNK	-218.523	0.513997	1
647	LLMLLLLLLAALLGILLGILGVLLKKLNNRNK	-214.263	0.547443	2
475	LLLLLILLLAALLGILLGILAVLLMKLNSRNK	-211.19	0.57943	1
465	LLLLLILLLAALLGILLGLLWVLRLKLNSRNK	-219.058	0.462392	1
559	LLMLLLLLLAALLGILLGLIGVLLLKLNRRNK	-211.91	0.564012	2
212	LLMLLLLLLAALLGILLGILGVLLKKLNSRNK	-211.043	0.469213	1
792	LLMLLLLLLAALLGLLLGLIMVLLLKLNLRNK	-215.343	0.501768	1
609	LLMLLLLLLAALLGILLGIILVLLLKLNLRNK	-215.83	0.382174	2
83	LLMLLLLLLAALLGILLGLLGVLRNKLNSRNK	-205.65	0.54397	1
715	LLMLLLLLLAALLGILLGLLGVLRKKLNSRNK	-207.274	0.504478	1
198	LLMLLLLLLAALLGILLGLLGVLLLKLNRRNK	-213.74	0.535889	2
333	LLMLLLLLLAALLGLLLGLLMVLLLKANLRNK	-216.059	0.512015	2
798	LLMLLLLLLAALLGILLGLLGVLKKKLNSRNK	-208.408	0.489864	1
740	LLMLLLLLLAALLGLLLGLLMVLLLKALLRNK	-216.56	0.470465	2
225	LLLLLLLLLAALLGLLLGILGVLLWKLNLRNK	-215.928	0.541093	2
598	LLMLLLLLLAALLGILLGLLGVLLLKANRRNK	-212.339	0.476205	1
548	LLMLLLLLLAALLGILLGLILVWRLKLDSRNK	-212.646	0.546798	2
86	LLMLLLLLLAALLGILLGLLGVLLLKLNLRNK	-211.226	0.559898	1
27	LLMLLLLLLAALLGLLLGLLLVLLLKLNSRNK	-217.474	0.437233	2
713	LLMLLLLLLAMLLGILLGLLGVLLMKLNSRNK	-211.47	0.532617	1
283	LLMLLLLLLAALLGILLGILGVLLRKLDSRNK	-215.126	0.56144	1
638	LLMLLLLLLAALLGILLGLIGVLLLKLNRRNK	-212.559	0.502664	2
544	LLMLLLLLLAALLGILTGLLMVLLLKLNLRNK	-213.728	0.492933	2
793	LLMLLLLLLAALLGILTGLIMVLLLKLNRRNK	-214.332	0.475235	2
764	LLMLLLLLLAALLGILLGLLGVLLLKANRRNK	-215.018	0.571007	1
760	LLMLLLLLLAALLGILLGLLMVLLLKLNLRNK	-216.101	0.55801	2
14	LLMLLLLLLAALLGLLLGLLMVLLLKLNLRNK	-215.491	0.545111	1
637	LLMLLLLLLAALLGILTGLLMVLLLKANLRNK	-212.78	0.581493	1
471	LLMLLLLLLAALLGILLGLLMVLLWKLNSRNK	-216.88	0.522242	1
34	LLMLLLLLLAALLGILLGILGILLLKANLRNK	-213.214	0.496745	2
130	LLMLLLLLLAALLGILLGLLMVLLLKLNLRNK	-215.973	0.492818	2
789	LLMLLLLLLAALLGILLGLLGALLMKLNLRNK	-214.719	0.52862	1
746	LLMLLLLLLAALLGILLGLLLVLLMKLNSRNK	-216.892	0.566595	1
352	LLMLLLLLLAALLGILLGLIGVLRRKLTTRNK	-208.988	0.544917	2
221	LLLLLLLLLAALLGILLGILGVLRKKLNSRNK	-208.9	0.574609	1
181	LLMLLLLLLAALLGILLGLLGVLLLKANLRNK	-211.932	0.543921	2
477	LLMLLLLLLAALLGILLGLLGVLLLKLNLRNK	-211.319	0.505423	2
614	LLMLLLLLLAALLGILLGLLGVLLKKLNSRNK	-211.157	0.526506	1
489	LLLLLILLLAALLGILTGILMVLLLKLNLRNK	-212.405	0.571945	1
334	LLMLLLLLLAALLGILLGLIMVLLLKLNRRNK	-216.671	0.518747	2
9	LLMLLLLLLAALLGILLGIIGVLLKKLNSRNK	-211.086	0.5547	2
469	LLMLLLLLLAALLGMLLGLLGVLLLKLNSRNK	-210.719	0.552714	1
223	LLMLLLLLLAALLGILLGLLGVLLWKLLLRNK	-213.769	0.500283	2
210	LLLLLILLLAALLGLLLGLLMVLLLKANLRNK	-215.979	0.507749	1
537	LLLLLLLLLAALLGILLGILGVLLLKRRLRRK	-217.357	0.542061	2
73	LLMLLLLLLAALLGILLGILLVLLLKLNLRNK	-216.205	0.448076	1
236	LLMLLLLLLAALLGLLLGLIGVLRMKLNSRNK	-210.082	0.522105	2
369	LLMLLLLLLAALLGILLGLLMVLLLKLNLRNK	-214.458	0.515072	1
783	LLMLLLLLLAALLGMLLGLLGVLLMKLNSRNK	-210.717	0.521695	2
196	LLMLLLLLLAALLGLLLGLLMVLLLKLNRRNK	-216.89	0.460631	1
563	LLMLLLLLLAALLGILLGLIMVLLLKLNSRNK	-214.861	0.518168	1
254	LLMLLLLLLAALLGILLGLIGVLLLKLNRRNK	-213.48	0.445286	1
286	LLMLLLLLLAALLGILLGLLGVLLMKLNTRNK	-211.473	0.562523	1
673	LLMLLLLLLAALLGILLGILGVLLLKLNSRNK	-213.371	0.525346	1
129	LLLLLLLLLAALLGMLLGLIMVLLLKLNLRNK	-215.162	0.476891	1
135	LLMLLLLLLAALLGLLLGLLWVLRMKLNMRNK	-212.382	0.559774	2
491	LLLLLILILAALLGLLLGLILVLRAKLTMRNK	-210.307	0.493825	0
590	LLMLLLLLLAALLGILLGLLGVLRWKLSSRNK	-211.368	0.564375	1
152	LLMLLLLLLAALLGILLGLLMVLLLKLNSRNK	-214.593	0.513283	1
11	LLMLLLLLLAALLGILLGLLGVLWWKLNRRNK	-211.715	0.547341	2
25	LLMLLLLLLAALLGILLGLLGVLLKKLNSRNK	-210.591	0.590506	1
243	LLMLLLLLLAMLLGILLGLLGVLLNKLNLRNK	-212.395	0.482046	1
478	LLMLLLLLLAALLGLLLGLLMVLLLKANRRNK	-217.697	0.465748	2
246	LLMLLLLLLAALLGILLGLLGVLLNKLNLRNK	-211.797	0.498511	1
454	LLMLLLLLLAALLGILTGLIMVLLLKLNRRNK	-215.39	0.49083	2
705	LLLLLILLLAALLGMLLGLLGVLRWKRDSRRK	-213.174	0.562163	2
470	LLMLLLLLLAALLGILLGLLGVLLWKLNTRNK	-212.439	0.5063	1
549	LLLLLLLLLAALLGLLLGLILVLRAKLNSRNK	-211.353	0.471596	2
345	LLMLLLLLLAALLGILLGILGVLRKKLDSRKK	-211.727	0.582826	1
772	LLMLLLLLLAALLGILLGLIGVWLLKANLRNK	-211.976	0.524311	1
46	LLMLLLLLLAALLGLLLGLLMVLLWKLNNRNK	-220.615	0.509576	1
366	LLMLLLLLLAALLGLLLGLLMVLLLKLNRRNK	-217.991	0.460729	1
282	LLMLLLLLLAALLGLLLGLLMVLLLKLNSRNK	-217.242	0.487549	1
488	LLMLLLLLLAALLGILLGLLMVLLLKLNSRNK	-215.761	0.533786	1
554	LLMLLLLLLAALLGILLGLLGVLLNKLNSRNK	-209.612	0.562201	1
253	LLMLLLLLLAALLGILLGLIGVLLLKLNRRNK	-212.677	0.442214	1
532	LLMLLLLLLAALLGLLLGLLMVLLLKANLRNK	-214.712	0.525814	1
423	LLLLLILLLAALLGILLGLLLVLRGKLNSRNK	-209.177	0.496596	2
427	LLLLLLLLLAALLGILLGLILTLRGKLTSRNK	-204.684	0.471378	2
247	LLLLLLLLLAALLGILLGLLWVLRGKLSSRNK	-208.663	0.49829	2
671	LLMLLLLLLAALLGILLGILMVLWLKLLSRNK	-214.559	0.404451	1
412	LLMLLLLLLAALLGILLGLIMVLLLKLNLRNK	-214.853	0.522578	1
708	LLMLLLLLLAALLGILLGLLGVLLWKARMRNK	-212.934	0.563305	2
13	LLMLLLLLLAALLGILLGLLMVLLLKLNLRNK	-215.997	0.514594	2
165	LLMLLLLLLAALLGLLLGLLLVLLLKLNLRNK	-218.438	0.485503	1
186	LLMLLLLLIAAILGLLLGLLLVLLLKLNSRNK	-217.143	0.465483	1
608	LLMLLLLLLAALLGLLLGLIMVLLLKLNLRNK	-217.218	0.497401	1
260	LLMLLLLLLAALLGILLGLLGVLLMKLNSRNK	-210.568	0.530691	2
332	LLMLLLLLLAALLGILLGLLWVLLLKLNSRNK	-217.253	0.459837	2
445	LLMLLLLLLAALLGILLGLIGIWRMKLDSRKK	-210.531	0.522413	1
170	LLMLLLLLLAALLGILLGLLWVLRMNLRSRNK	-212.481	0.502674	2
251	LLMLLLLLLAALLGILLGLLLVLLLKLNSRNK	-218.988	0.543933	2
261	LLLLLILLLAALLGILLGLLGVLLLKLNLRNK	-211.203	0.458719	1
699	LLMLLLLLLAALLGILLGLLGVLLLKLNRRNK	-213.563	0.456073	2
483	LLMLLLLLLAALLGLLLGLIWVLRLKLNSRNK	-216.066	0.570116	1
277	LLLLLILLLAALLGILLGLLGVLLLKLNRRNK	-214.719	0.473269	1
237	LLMLLLLLLAALLGLLLGLILVLRAKLNSRNK	-209.933	0.536227	2
296	LLLLLLLLLAALLGILLGLIWVWRWKLTSRNK	-207.19	0.514808	2
380	LLMLLLLLLAALLGILLGLLGVLLLKLNRRNK	-212.327	0.499931	1
452	LLMLLLLLLAALLGILLGILAVLKKKLDSRNK	-210.559	0.58316	2
259	LLMLLLLLLAALLGILLGLLGVLLLKLNLRNK	-211.178	0.492153	1
149	LLMLLLLLLAALLGLLLGLLMVLLLKLNLRNK	-216.58	0.480266	1
336	LLLLLILLLAALLGILLGLLMVLLLKLNRRNK	-218.493	0.499902	1
84	LLMLLLLLLAALLGILLGLIGVWRWKLTLRNK	-209.592	0.551503	2
341	LLMLLLLLLAALLGILLGLLAVLLMKLNSRNK	-209.766	0.560265	1
116	LLLLLILLLAALLGILLGLIGVWLLKANLRNK	-213.297	0.538666	1
55	LLMLLLLLLAALLGLLLGLLGVLLLKLASRRK	-211.601	0.552695	1
479	LLMLLLLLLAALLGILLGLLLVLLMKLNRRNK	-215.373	0.496404	2
588	LLMLLLLLLAALLGLLLGLLWVLLLKLNSRNK	-218.248	0.50106	1
95	LLMLLLLLLAALLGILLGLLGVLWWKLMMRMK	-211.731	0.530523	2
100	LLMLLLLLLAALLGILLGLLMVLLLKLNSRNK	-214.33	0.534912	1
37	LLMLLLLLLAALLGLLLGLLMVLLLKLNLRNK	-216.006	0.518649	1
126	LLMLLLLLLAALLGILLGLIMVLLLKLNSRNK	-214.99	0.456638	1
711	LLLLLILLLAALLGILLGLIMVLLLKANLRNK	-214.342	0.430024	1
327	LLMLLLLLLAALLGILLGLLALIRNNLNSRNK	-213.243	0.591382	2
50	LLLLLILLLAALLGILLGLLLVLLWKLNSRNK	-218.585	0.529292	1
349	LLMLLLLLLAALLGILLGLLGVLWLKLMRRNK	-211.769	0.588567	2
68	LLMLLLLLLAALLGILTGLLLVLLWKLNMRNK	-217.329	0.468511	2
456	LLMLLLLLLAALLGILLGLIGVWIMKLNSRNK	-209.535	0.54814	1
565	LLMLLLLLLAALLGILLGIIGVLRKKLNSRNK	-207.008	0.580016	1
533	LLMLLLLLLAALLGILTGLLMVLLWKANTRNK	-214.629	0.50363	1
593	LLMLLLLLLAALLGILLGLLGVLLLKLNRRNK	-212.588	0.47908	1
209	LLMLLLLLLAALLGILLGLIAVWRKKLNSRNK	-208.383	0.557237	1
238	LLMLLLLLLAALLGILLGIIGVLRMKLNSRNK	-207.33	0.543654	2
151	LLMLLLLLLAALLGLLLGLLMVLLLKLNLRNK	-216.243	0.521222	1
232	LLMLLLLLLAALLGILLGLLGVLWLKLMRRNK	-212.723	0.509837	2
8	LLMLLLLLLAALLGILLGLLGMLLMKLNLRNK	-214.116	0.480353	1
605	LLMLLLLLLAALLGILLGLLMVLLLKRNLRRK	-217.47	0.551844	1
270	LLMLLLLLLAALLGILLGLLGVLLMKLNSRNK	-207.94	0.50295	2
794	LLMLLLLLLAALLGLLLGLLWVLRLKLNLRNK	-213.581	0.509944	1
724	LLMLLLLLLAALLGILLGLLMVLWLKLNSRNK	-217.105	0.508669	2
680	LLMLLLLLLAALLGILLGILGILLLKANLRNK	-212.791	0.539328	2
222	LLMLLLLLLAALLGILLGLLLVLLLKRRSRRK	-218.522	0.475059	1
517	LLMLLLLLLAALLGILLGLLWVLLLKLASRRK	-219.895	0.547932	1
518	LLMLLLLLLAALLGILLGLIGVWLMKLNSRNK	-212.528	0.540634	2
98	LLMLLLLLLAALLGILLGLLLVLLWKANTRNK	-218.537	0.559714	1
744	LLMLLLLLLAALLGLLLGLIMVLLLKLNSRNK	-216.244	0.479076	2
646	LLMLLLLLLAALLGILLGILGVLLMKLNSRNK	-210.2	0.595044	1
795	LLMLLLLLLAALLGILLGILGVLLKKLNSRNK	-213.027	0.599419	2
573	LLMLLLLLLAALLGILLGLIGVLRMKLNLRNK	-207.474	0.524534	1
191	LLMLLLLLLAALLGLLLGLIMVLLLKLNLRNK	-216.036	0.428882	1
188	LLMLLLLLLAALLGILLGLIGVWLWKLAMRRK	-213.824	0.545717	1
63	LLMLLLLLLAALLGMLLGLLGVLLLKLNLRNK	-210.41	0.524177	1
163	LLMLLLLLLAALLGILLGLLGVLLKKLNLRNK	-211.225	0.55062	2
96	LLMLLLLLLAALLGLLLGLLWVLLWKANRRNK	-221.783	0.568754	1
127	LLMLLLLLLAALLGLLLGLLGVLLLKLNSRNK	-211.424	0.545359	1
354	LLMLLLLLLAALLGILLGLLGVLLLKLNRRNK	-213.004	0.472225	1
645	LLMLLLLLLAALLGILLGILGVLLWKLIMRMK	-214.63	0.500704	2
644	LLMLLLLLLAALLGILLGLIMVLLLKLNLRNK	-214.328	0.398068	1
676	LLMLLLLLIAAILGMLLGILGVLLMNLNLRNK	-208.627	0.504896	1
731	LLMLLLLLLAALLGILLGLLMVLLLKLNLRNK	-214.301	0.514712	1
694	LLLLLLLLLAALLGILLGILMVLLLKLNLRNK	-217.126	0.429585	1
432	LLMLLLLLLAALLGILLGLIGVWFWKRTSRRK	-211.879	0.490902	1
10	LLLLLILLLAALLGMLLGLLWVLRLKLNLRNK	-216.287	0.445893	2
397	LLMLLLLLLAALLGILLGILGVLLLKLNLRNK	-212.933	0.450457	1
119	LLLLLLLILAALLGLLLGLIGVLRMKLNSRNK	-210.264	0.575287	0
109	LLMLLLLLLAALLGILLGILMVLLLKLNLRNK	-214.724	0.487946	1
775	LLMLLLLLLAALLGILLGLLGVLLKKLNSRNK	-209.358	0.513127	0
654	LLLLLILLLAALLGILLGILGVLWNKRSLRRK	-214.104	0.493226	1
289	LLMLLLLLLAALLGILLGLLMVLLLKANSRNK	-215.05	0.57659	2
43	LLMLLLLLLAALLGILLGLLGVLLKKLNLRNK	-211.089	0.531635	2
564	LLMLLLLLLAALLGLLTGLLMVLLLKLNLRNK	-213.719	0.502475	1
677	LLMLLLLLLAALLGILLGLILVLRGKLSSRNK	-205.628	0.44572	2
137	LLMLLLLLLAALLGILLGLLGVLLNKLNNRNK	-212.888	0.537515	1
173	LLMLLLLLLAALLGILTGLLMVLLWKANMRNK	-216.308	0.548311	2
70	LLMLLLLLLAALLGILLGLLGVLLLKLNRRNK	-212.674	0.521726	1
157	LLMLLLLLLAALLGILLGLLGVLLNKLNSRNK	-209.766	0.495023	1
351	LLMLLLLLLAALLGLLLGLLMVLLWKLNMRNK	-219.521	0.494712	2
774	LLMLLLLLLAALLGLLLGLIMVLLLKLNRRNK	-217.08	0.498612	2
534	LLLLLILLLAALLGLLIGLLLVLLLKLNSRNK	-218.893	0.443363	1
623	LLMLLLLLLAALLGILLGLLGVLLLKLNRRNK	-211.81	0.513103	2
16	LLMLLLLLLAALLGLLLGLLMVLLLKLNSRNK	-216.893	0.481336	1
122	LLMLLLLLLAALLGILLGLIWVLRKKLNNRNK	-215.702	0.48119	1
320	LLMLLLLLLAALLGILLGIIGVLRRKLTSRNE	-207.453	0.528118	2
417	LLMLLLLLLAALLGLLLGLLMVLLLKALLRNK	-216.781	0.438375	2
76	LLMLLLLLLAALLGILLGLLMVLWLKLARRRK	-217.982	0.498827	2
250	LLMLLLLLLAALLGLLLGLLGVLLMKLNLRNK	-213.562	0.459739	1
503	LLMLLLLLLAALLGILLGLLGVLLVKLNSRNK	-210.397	0.490602	2
451	LLMLLLLLLAALLGILLGLLMVLLWKLNSRNK	-216.328	0.562655	1
473	LLMLLLLLLAALLGLLLGLLMVLLLKLNSRNK	-216.476	0.566876	2
80	LLMLLLLLLAALLGILLGLLGVLLLKLNLRNK	-215.026	0.578481	1
346	LLMLLLLLLAALLGLLLGLIMVLLLKLNLRNK	-215.465	0.430744	2
275	LLMLLLLLLAALLGILLGLIGIWLMKLNSRNK	-212.758	0.491152	1
148	LLLLLLLLLAALLGILLGLLLTLRGKLTSRNK	-206.343	0.485837	2
26	LLMLLLLLLAALLGLLLGLIGVLRNKLNSRNK	-209.695	0.617035	1
545	LLMLLLLLLAALLGILLGLLGVLLLKLNRRNK	-212.937	0.477389	1
23	LLMLLLLLLAALLGILLGLIMVILNNLNSRNK	-211.762	0.484774	1
108	LLMLLLLLLAALLGLLLGLIMVLLLKRLLRRK	-221.02	0.51024	1
619	LLMLLLLLIAAILGLLLGLLMVLLLKANLRNK	-215.529	0.531391	1
107	LLMLLLLLLAALLGILTGLLMVLLLKLNSRNK	-214.882	0.499377	2
728	LLLLLILLLAALLGILLGLLMVLLLKLNLRNK	-213.156	0.451043	1
401	LLMLLLLLLAALLGILLGLLGVLLWKLTSRNK	-211.143	0.551973	1
525	LLMLLLLLLAALLGILLGLLGVLLWKLNTRNK	-214.88	0.551737	1
663	LLMLLLLLLAALLGILLGLLLVLLWKLNMRNK	-219.842	0.473348	2
561	LLMLLLLLLAALLGILLGLLGVLLLKLNSRNK	-211.022	0.554767	2
696	LLMLLLLLLAALLGILLGLLGVLLLKLNRRNK	-213.85	0.522493	1
411	LLLLLLLLLAALLGLLLGLLMVLLLKLNLRNK	-217.166	0.520273	1
424	LLMLLLLLLAALLGILLGLLGVLLMKLNLRNK	-209.456	0.476026	1
300	LLMLLLLLLAALLGMLLGIIMVLLLKLLLRNK	-214.259	0.4978	1
695	LLMLLLLLLAALLGILLGLLGVLLMKLNSRNK	-212.415	0.544117	1
668	LLLLLILLLAALLGILTGLLLVLLLKLNLRNK	-213.476	0.549208	1
685	LLMLLLLLLAALLGILLGLLGVLLWKLNLRNK	-212.537	0.490051	2
226	LLMLLLLLLAALLGILLGLLGVLLMKLNSRNK	-211.964	0.572581	1
523	LLMLLLLLLAALLGILLGLLGVLLWKLNTRNK	-212.64	0.484226	1
156	LLLLLILLLAALLGILLGLLMVLLLKLRLRRK	-217.577	0.562631	1
600	LLMLLLLLLAALLGILLGLIGVLLLKLNLRNK	-213.021	0.507177	1
535	LLMLLLLLLAALLGILLGLIMVLLLKLNLRNK	-215.721	0.572623	1
102	LLLLLILLLAALLGLLLGLIMVLLLKLNSRNK	-217.118	0.466398	1
720	LLMLLLLLLAALLGILLGLLGVLLWKLRMRNK	-211.958	0.54545	2
428	LLMLLLLLLAALLGLLLGLIMVLLLKLNLRNK	-214.931	0.482753	1
276	LLMLLLLLLAALLGILLGLLAVLLKKLNSRNK	-211.294	0.561953	1
429	LLMLLLLLLAALLGILLGLLAVLLWKLNMRNK	-216.822	0.583489	1
18	LLMLLLLLLAALLGLLLGLLLVLLWKLNMRNK	-220.128	0.530201	1
29	LLMLLLLLLAALLGLLLGLIMVLLWKLNLRNK	-219.77	0.514767	1
342	LLMLLLLLLAALLGILLGLLGALLMKLNSRNK	-214.609	0.466901	2
562	LLMLLLLLLAALLGILTGLIAVLRMKLNSRNK	-206.03	0.582652	2
373	LLMLLLLLLAALLGILLGLLGVLLWKLNSRNK	-212.538	0.511643	2
408	LLMLLLLLLAALLGLLLGLIMVLLLKLNLRNK	-214.625	0.536074	0
666	LLMLLLLLLAALLGILLGLLMVLLLKANLRNK	-215.695	0.527274	1
662	LLLLLILLLAALLGLLLGLIMVLLLKLNLRNK	-214.055	0.507655	1
768	LLMLLLLLLAALLGILLGLLWVLLWKANMRNK	-219.707	0.530787	2
87	LLMLLLLLLAALLGILLGLLLVLLLKLNSRNK	-217.456	0.431464	0
791	LLMLLLLLLAALLGLLLGLLMVLLLKANLRNK	-217.931	0.5574	2
362	LLMLLLLLLAALLGILLGLLGVLRKKLNSRNK	-207.666	0.489695	1
2	LLMLLLLLLAALLGILLGLLMVLLLKLNLRNK	-214.192	0.440563	1
106	LLLLLILLLAALLGILLGLLMVLWLKLNLRNK	-215.703	0.509176	1
59	LLMLLLLLLAALLGILLGLIMVWLMKLNMRNK	-214.089	0.53923	1
252	LLMLLLLLLAALLGILLGLLGVLLMKLNLRNK	-211.263	0.526025	1
626	LLMLLLLLLAALLGLLLGLLMVLLLKANLRNK	-215.237	0.491444	1
285	LLMLLLLLLAALLGILLGIIGVLRMKLNSRNK	-205.994	0.630778	1
512	LLMLLLLLLAALLGILLGILGVLRKKLNLRNK	-208.688	0.527568	1
438	LLMLLLLLLAALLGILLGLLGVLLLKANRRNK	-212.999	0.507466	1
387	LLMLLLLLLAALLGILLGLLMVLLLKRLSRRK	-217.613	0.494907	1
776	LLMLLLLLLAALLGILLGLLGVLLLKANRRNK	-210.74	0.51528	1
555	LLMLLLLLLAALLGLLLGLLMVLLLKLNRRNK	-218.412	0.475258	2
702	LLMLLLLLLAALLGILLGLIAVWLWKLTRRNK	-214.601	0.653386	2
616	LLMLLLLLLAALLGILLGILAVLRNKLNSRNK	-213.137	0.612483	2
303	LLMLLLLLLAALLGILLGLLMVLLLKLNSRNK	-213.632	0.518032	1
747	LLMLLLLLLAALLGLLLGLLMVLLLKANLRNK	-217.554	0.510382	1
124	LLMLLLLLLAALLGLLLGLLMVLLLKLNRRNK	-218.417	0.489495	2
474	LLMLLLLLLAALLGILTGLLAVLLMKLNSRNK	-207.891	0.580629	1
726	LLMLLLLLLAALLGILLGLLAVLLMKLNSRNK	-209.916	0.561199	1
112	LLMLLLLLLAALLGILLGIIGVLLMKLNSRNK	-209.422	0.635458	1
133	LLLLLILLLAALLGLLLGLLMVLWLKAMRRNK	-218.301	0.535694	1
298	LLLLLLLLLAALLGILLGLLGVLLVKLNLRNK	-211.335	0.466511	1
81	LLMLLLLLLAALLGILLGLLGVLLKKLNSRNK	-210.896	0.537308	1
468	LLLLLILLLAALLGMLLGLLAVLKKKLNSRNK	-210.363	0.595867	2
153	LLMLLLLLLAALLGILLGLLGVLLMKLNLRNK	-211.306	0.513488	2
581	LLMLLLLLLAALLGILLGLIGVLRMKLNLRNK	-206.578	0.474237	1
398	LLMLLLLLLAALLGILLGLIGVLLMKLNSRNK	-210.531	0.487234	1
797	LLMLLLLLLAALLGLLLGLLGVLLLKLNSRNK	-212.044	0.475413	1
111	LLMLLLLLLAALLGILLGLLMVLLLKLNLRNK	-215.015	0.525653	1
656	LLMLLLLLLAALLGILLGLIGVLLLKLNRRNK	-212.411	0.421849	1
736	LLMLLLLLLAALLGILLGILGVLWMKLMSRRK	-212.427	0.507117	1
528	LLMLLLLLLAALLGLLLGLLGVLRWKLSSRNK	-212.379	0.594637	1
506	LLMLLLLLLAALLGILLGLLAVLRKKLNSRNK	-208.995	0.548582	1
425	LLMLLLLLLAALLGILLGLLGVLLLKANRRNK	-212.804	0.493197	1
267	LLMLLLLLLAALLGILLGLLGVLLLKANRRNK	-213.873	0.486873	1
574	LLMLLLLLLAALLGLLLGLLWVLRLKLRLRNK	-214.418	0.519816	2
51	LLMLLLLLLAALLGILLGLLMVLLLKLIRRMK	-216.778	0.535712	1
65	LLMLLLLLLAALLGILLGLLGILLMKLNSRNK	-211.43	0.540259	1
661	LLMLLLLLLAALLGLLLGLLMVLLMNLRRDNK	-214.679	0.528563	2
592	LLLLLILLLAALLGMLLGLLGVLLLKANRRNK	-213	0.534524	2
31	LLMLLLLLLAALLGLLLGLIMVLLLKLNLRNK	-215.497	0.449682	1
580	LLMLLLLLLAALLGLLLGLLMVLLLKLNRRNK	-217.377	0.495222	2
368	LLMLLLLLLAALLGLLLGLLMVLLLKLNSRNK	-216.811	0.470938	1
265	LLMLLLLLLAALLGILLGLLGVLLLKLNRRNK	-212.434	0.477364	2
571	LLMLLLLLLAALLGILLGLIWVIRNNLNLRNK	-209.785	0.565385	2
722	LLLLLILLLAALLGILLGLLMVLLWKANTRNK	-218.651	0.528854	1
134	LLMLLLLLLAALLGILLGLLGVLLMKLNSRNK	-210.794	0.488531	1
85	LLMLLLLLLAALLGILLGILAVLLKKLNSRNK	-212.616	0.56333	2
319	LLMLLLLLLAALLGILLGLIMMLLLKAILRMK	-216.167	0.459925	1
272	LLMLLLLLLAALLGMLLGIIGILLLKLNRRNK	-213.755	0.516383	1
748	LLMLLLLLLAALLGILLGLIGVWRMKLNSRNK	-207.406	0.536569	2
769	LLLLLILLLAALLGILLGLLMVLLLKLNSRNK	-214.294	0.520849	1
88	LLMLLLLLLAALLGILLGLLGVLRKKLDSRNK	-209.743	0.540125	2
407	LLLLLILLLAALLGILLGLIGVWLLKLNLRNK	-212.005	0.536354	1
235	LLLLLILLLAALLGILLGLLLVLLKKRNSRRK	-221.515	0.557841	1
625	LLMLLLLLLAALLGLLLGLLGVLLLKLNSRNK	-211.619	0.566448	2
583	LLMLLLLLLAALLGILLGLLWVLLLKLNSRNK	-219.416	0.492899	1
538	LLMLLLLLLAALLGMLLGLIMVLLLKLNLRNK	-215.04	0.515912	1
497	LLMLLLLLLAALLGILLGLLGVLLLKANLRNK	-212.342	0.545897	2
406	LLMLLLLLLAALLGLLLGLLGVLLLKLNSRNK	-212.195	0.446592	1
390	LLMLLLLLLAALLGILLGLLGVLLLKANRRNK	-213.153	0.517575	1
703	LLMLLLLLLAALLGILLGLLLVLLSKLNLRNK	-214.143	0.453421	2
161	LLMLLLLLLAALLGILLGLLLVLLSKRNLRRK	-219.463	0.550105	2
317	LLMLLLLLLAALLGILLGLLMVLLLKLNLRNK	-217.084	0.499687	1
365	LLLLLLLLLAALLGILLGLLLVLRGKLSSRNK	-206.512	0.473666	2
53	LLMLLLLLLAALLGLLLGLLGVLLLKLNSRNK	-211.904	0.551672	1
180	LLMLLLLLLAALLGILLGLLGVLLMKLNSRNK	-209.883	0.498138	1
114	LLMLLLLLLAALLGLLLGLLLVLLLKLNSRNK	-217.983	0.493819	1
755	LLMLLLLLIAAILGILLGLIGVLRMKLNSRNK	-207.222	0.488851	1
480	LLMLLLLLLAALLGILLGLLGVLLMKLNSRNK	-208.813	0.546698	1
447	LLMLLLLLLAALLGILLGLLGVLLLKLNSRNK	-209.849	0.599775	2
123	LLMLLLLLLAALLGILLGLIGVLRRKLNTRRK	-212.813	0.535155	1
30	LLMLLLLLLAALLGLLLGLIMVLLLKLNRRNK	-216.27	0.449491	2
97	LLMLLLLLLAALLGILLGLLMVLLLKLNLRNK	-214.623	0.486895	1
233	LLMLLLLLLAALLGILLGILGVLLVKLNSRNK	-211.339	0.532912	1
140	LLMLLLLLLAALLGILLGLLAVLLNKLNNRNK	-212.905	0.529857	2
384	LLMLLLLLLAALLGILLGLLGVLLWKLSSRNK	-212.966	0.541364	1
200	LLMLLLLLLAALLGILLGLIMVLLLKLNLRNK	-214.013	0.512835	2
693	LLMLLLLLLAALLGILTGLIMVLLLKLNRRNK	-216.197	0.4764	2
192	LLMLLLLLLAALLGILLGLIAVLRMKLNSRNK	-207.392	0.570717	2
618	LLMLLLLLLAALLGILLGILGVLLKKLNSRNK	-210.9	0.531004	2
190	LLMLLLLLLAALLGILLGLLGGLLNKLNSRNN	-213.996	0.551402	1
692	LLMLLLLLLAALLGLLLGLLMVLLLKLNRRNK	-217.275	0.427662	1
93	LLLLLLLILAALLGLLLGLLLVLRMKLNMRNK	-211.674	0.408962	1
683	LLMLLLLLLAALLGLLLGLLMVLLLKLNRRNK	-217.246	0.484263	1
4	LLLLLLLLLAALLGILLGILAVLLMKLNSRNK	-211.569	0.497376	1
444	LLMLLLLLLAALLGILLGLLMVLLLKLNSRNK	-215.906	0.507407	2
128	LLMLLLLLLAALLGILTGLIMVLLLKLNRRNK	-213.442	0.525775	1
536	LLMLLLLLLAALLGILLGLLGTLLMKLNSRNK	-209.102	0.517791	2
436	LLLLLLLILAALLGILLGLILVLRGKLNSRNK	-210.703	0.563152	0
241	LLMLLLLLLAALLGLLLGLLMVLLLKLNSRNK	-216.433	0.44939	1
201	LLMLLLLLLAALLGILLGILGVLLWKLNLRNK	-213.402	0.537228	1
716	LLMLLLLLLAALLGILLGLLGVLRMKLNLRNK	-207.548	0.517852	1
507	LLMLLLLLLAALLGLLLGLLLVLLLLLNLRNK	-215.478	0.520705	1
464	LLMLLLLLLAALLGLLLGLLAVLLLKANLRNK	-215.18	0.545977	1
3	LLMLLLLLLAALLGILLGLILVLRGNLSSRNK	-208.805	0.475913	1
529	LLMLLLLLLAALLGLLLGLLLVLLLKLNSRNK	-218.518	0.492668	1
651	LLLLLILLLAALLGILLGLLGVLLLKANRRNK	-213.682	0.541111	1
524	LLMLLLLLLAALLGILLGLLGVLLLKLNLRNK	-211.863	0.496715	1
78	LLMLLLLLLAALLGILLGLIGVWIMKLNSRNK	-211.032	0.52055	1
144	LLMLLLLLLAALLGILLGLIGVWLMKRNSRNK	-212.103	0.604518	1
160	LLMLLLLLLAALLGILLGILGVLLKKLNSRNK	-212.065	0.526711	1
496	LLLLLILLLAALLGMLLGLLGVLLWKLNLRNK	-212.67	0.564168	1
771	LLMLLLLLLAALLGILTGLLMVLLLKLNRRNK	-214.347	0.516733	1
440	LLMLLLLLLAALLGILLGLLGVLLNKLNSRNK	-213.481	0.542222	1
343	LLMLLLLLLAALLGILLGLLLVLRAKLNSRNK	-213.173	0.52717	2
516	LLMLLLLLLAALLGILLGILGVLRKKLNSRNK	-207.318	0.522822	1
94	LLMLLLLLLAALLGLLLGLLLVLLLKRNSRRK	-222.77	0.513076	2
167	LLMLLLLLLAALLGLLLGLLMVLLLKAALRRK	-216.9	0.519557	2
67	LLLLLILLLAALLGILLGLLLVLLLKLNSRNK	-219.193	0.536785	1
513	LLLLLILLLAALLGILLGLLGVLLLKANRRNK	-213.029	0.551455	2
462	LLMLLLLLLAALLGMLLGLIMVLLLKLNLRNK	-214.359	0.453834	1
328	LLMLLLLLLAALLGILTGLLMVLLLKLNLRNK	-213.578	0.477107	1
297	LLLLLILLLAALLGILLGLLGVLWKKLTNRRK	-213.543	0.49767	1
701	LLMLLLLLLAALLGLLLGLIWVLRMKLNSRNK	-213.685	0.557862	1
629	LLMLLLLLLAALLGILLGLLLVLRRKLNLRNK	-213.075	0.540686	2
652	LLMLLLLLLAALLGLLLGLLMVLLLKANRRNK	-217.585	0.416049	2
509	LLLLLILLLAALLGILLGLIMVLLWKANMRNK	-218.816	0.477087	1
138	LLLLLILLLAALLGILLGLLWVLLWKLNMRNK	-220.148	0.581768	1
568	LLMLLLLLLAALLGLLTGLLAVLLLKLNSRNK	-211.055	0.587019	2
159	LLMLLLLLLAALLGILLGLIMVLLLKLNRRNK	-216.942	0.437555	1
434	LLMLLLLLLAALLGILLGLLGVLLMKLNRRNK	-210.629	0.496135	1
281	LLMLLLLLLAALLGILLGILGVLLKKLNSRNK	-211.207	0.547709	1
41	LLMLLLLLLAALLGILLGLLGVLLWKLNRRNK	-213.87	0.544555	1
665	LLMLLLLLLAALLGLLLGLIMVLLLKLNLRNK	-215.608	0.489743	2
262	LLMLLLLLLAALLGILLGLLGVLLLKLNRRNK	-215.197	0.542151	1
15	LLMLLLLLLAALLGILLGLLLVLLLKLNRRNK	-219.058	0.511566	1
69	LLMLLLLLLAALLGILLGLLGVLLNKLNSRNK	-209.446	0.479278	1
710	LLMLLLLLLAALLGILLGLLGLLLNKLNLRNK	-214.294	0.424046	1
675	LLMLLLLLLAALLGILLGLIMVLLLKLNRRNK	-217.769	0.508691	2
266	LLMLLLLLLAALLGILLGLLMVLLLKANLRNK	-215.139	0.46068	1
118	LLMLLLLLLAALLGLLLGLIMVLLWKLNMRNK	-219.552	0.514455	2
208	LLMLLLLLLAALLGILLGLIMVLLLKLNSRNK	-215.266	0.489909	2
582	LLLLLILLLAALLGILLGLLGVLLWKLNSRNK	-212.277	0.504849	2
339	LLMLLLLLLAALLGLLLGLLMVLLLKLNLRNK	-216.459	0.460016	1
168	LLMLLLLLLAALLGILLGLLGVLLRKLTSRNK	-210.619	0.527777	2
446	LLMLLLLLLAALLGILTGILMVLLLKANSRNK	-213.017	0.506798	2
370	LLMLLLLLLAALLGILLGLLLVLLWKLNMRNK	-219.765	0.490778	2
584	LLMLLLLLLAALLGILLGLLLVLLLKLNLRNK	-216.134	0.453661	1
500	LLMLLLLLLAALLGLLLGLIMVLLLKLNLRNK	-216.708	0.482321	1
367	LLMLLLLLLAALLGILLGLLGVLLLKLNLRNK	-212.165	0.435235	1
505	LLMLLLLLLAALLGLLLGLLLVLLWKANTRNK	-221.176	0.576005	2
739	LLLLLILLLAALLGMLLGIIGILLLKANLRNK	-213.439	0.500159	1
121	LLMLLLLLLAALLGILLGLLGVLLLKANRRNK	-214.073	0.48902	1
136	LLMLLLLLLAALLGLLLGLLWVLRLKLNLRNK	-215.279	0.524029	2
494	LLMLLLLLLAALLGILTGLIMVLLLKLNRRNK	-215.118	0.50161	1
615	LLLLLILLLAALLGILLGILMVLLLKLNLRNK	-215.305	0.424683	1
780	LLMLLLLLLAALLGILLGLIGVWRNKLNSRNN	-205.522	0.563172	1
22	LLMLLLLLLAALLGILTGLIMVLLLKLNRRNK	-214.574	0.515475	1
542	LLMLLLLLLAALLGILLGLLGVLLLKANRRNK	-212.753	0.487615	2
19	LLMLLLLLLAALLGILLGILAVLLLKLNLRNK	-214.18	0.485731	1
38	LLMLLLLLLAALLGILLGLLGVLLNKLNSRNK	-211.902	0.502477	1
450	LLMLLLLLLAALLGLLLGLLLVLLLKANLRNK	-216.998	0.398901	1
754	LLMLLLLLLAALLGILLGILMVLLWKLANRRK	-221.704	0.516584	1
777	LLMLLLLLLAALLGLLLGLLLVLLLKLNLRNK	-217.908	0.444398	1
364	LLLLLLLLLAALLGLLLGLLMVLLLKRNLRRK	-218.936	0.513954	1
498	LLMLLLLLLAALLGILLGLIGVLLLKLNRRNK	-214.946	0.490345	2
125	LLMLLLLLLAALLGILLGLIMVWLMKLNMRNK	-213.846	0.479235	1
717	LLMLLLLLLAALLGILLGLIGVWIMKLNSRNK	-212.136	0.510188	1
482	LLMLLLLLLAALLGLLLGLIMVLLLKLNLRNK	-216.842	0.461591	1
687	LLMLLLLLLAALLGILLGLLALLRNKLNSRNK	-215.388	0.610291	1
273	LLLLLLLLLAALLGILLGLIWTLRWKLTSRNK	-210.687	0.608479	2
335	LLLLLILLLAALLGLLLGLLMVLLLKAIRRMK	-216.453	0.397337	1
184	LLMLLLLLLAALLGLLLGLLMVLLLKALLRNK	-215.422	0.49132	1
519	LLMLLLLLLAALLGILLGILGVLLKKLNSRNK	-212.524	0.502636	1
117	LLMLLLLLLAALLGLLLGLLMVLLLKANLRNK	-216.102	0.427543	1
566	LLMLLLLLLAALLGLLLGLLMVLLLKANLRNK	-216.755	0.494322	2
239	LLMLLLLLLAALLGLLLGLIMVLLLKLNLRNK	-215.351	0.47231	1
540	LLMLLLLLLAALLGLLLGLLWVLLLKLNLRNK	-217.285	0.537702	1
195	LLMLLLLLLAALLGLLLGLLLVLLAKLISRMK	-213.424	0.479924	2
752	LLMLLLLLLAALLGILLGLLGALLLKLNSRNK	-213.739	0.553272	1
577	LLLLLLLLLAALLGILLGLLGWLRNKLNSRNK	-214.913	0.522072	1
197	LLLLLLLLLAALLGILLGLIGVLLLKLNRRNK	-213.436	0.496704	1
91	LLMLLLLLLAALLGLLLGLLMVLLLKLNSRNK	-215.941	0.516582	2
712	LLMLLLLLLAALLGILLGLIGVLLRKLDLRNK	-212.992	0.506039	1
174	LLMLLLLLLAALLGLLLGLLMVLLLKLNSRNK	-216.214	0.473893	2
416	LLMLLLLLLAALLGILLGLIGVLLLKLNLRNK	-213.415	0.608345	1
431	LLMLLLLLLAALLGILLGLLAVLWKKLTNRRK	-213.096	0.547834	1
64	LLMLLLLLLAALLGILLGILGVLRKKLNSRNK	-208.04	0.508017	1
729	LLMLLLLLLAALLGLLLGLIMVLLLKANLRNK	-216.449	0.542351	2
311	LLLLLILLLAALLGLLLGLIMVLLLKLNSRNK	-217.043	0.539913	1
72	LLMLLLLLLAALLGILTGLLAVLRKKLNSRNK	-206.171	0.545977	2
601	LLMLLLLLLAALLGLLLGLLMVLLLKLNLRNK	-216.052	0.541635	1
621	LLMLLLLLLAALLGILLGLLMVLLLKANLRNK	-215.463	0.495394	1
698	LLMLLLLLLAALLGILLGLIMVLLLKLNLRNK	-215.357	0.537018	1
249	LLMLLLLLLAALLGILLGLIGVWLMKLTSRNK	-207.881	0.545865	1
779	LLMLLLLLLAALLGILLGLLMVLWWKLNLRNK	-217.376	0.631353	1
461	LLMLLLLLLAALLGILLGLLMVLLLKANLRNK	-216.833	0.470076	1
230	LLMLLLLLLAALLGLLLGLIMVLLLKLNRRNK	-215.983	0.497553	2
199	LLMLLLLLLAALLGLLLGLIMVLLRKLDLRNK	-215.689	0.575013	1
721	LLMLLLLLLAALLGILLGIIAVLRRKLNSRNK	-207.688	0.547527	2
404	LLMLLLLLLAALLGILLGILGVLLRKLTSRNK	-211.175	0.446873	2
310	LLMLLLLLLAALLGILLGLIGTLRMTLNSRNK	-205.053	0.53638	1
326	LLLLLILLLAALLGILLGLLGVLLLKANRRNK	-213.761	0.530527	2
520	LLMLLLLLLAALLGILLGLLGVLRKKRNSRRK	-211.703	0.475871	1
484	LLMLLLLLLAALLGILLGLIGVLLLKLLLRNK	-213.824	0.488728	1
799	LLMLLLLLLAALLGILLGLIWVLRKKRNSRRK	-213.291	0.535696	2
244	LLMLLLLLLAALLGMLLGILGVLLWKLNLRNK	-211.617	0.56687	1
132	LLMLLLLLLAALLGLLLGLLWVLRLKANLRNK	-213.635	0.525412	1
178	LLMLLLLLLAALLGILLGLIMVLLLKLNLRNK	-214.129	0.478864	1
750	LLMLLLLLLAALLGILLGLLGVLLLKANRRNK	-213.57	0.481086	1
765	LLMLLVLLLAALLGILLGLLMVLLLKLNSRNK	-214.788	0.437998	2
521	LLMLLLLLLAALLGILLGLIGVLRMKLNSRNK	-208.986	0.571585	2
543	LLMLLLLLLAALLGLLLGLLMVLLLKLNSRNK	-218.094	0.532629	2
331	LLLLLILLLAALLGILLGLIGVLRWKLSSRNK	-211.866	0.507242	1
633	LLMLLLLLLAALLGILLGLIGVLLLKLNRRNK	-213.215	0.475021	1
530	LLMLLLLLLAALLGILLGLLMVLLLKLNLRNK	-215.65	0.430028	1
437	LLMLLLLLLAALLGILLGLLGVLLWKLLMRNK	-212.078	0.53476	2
515	LLMLLLLLLAALLGILLGLIMVLLLKLNRRNK	-216.854	0.427417	1
725	LLMLLLLLLAALLGILLGIIGVLRKKLNSRNK	-207.885	0.519456	1
467	LLLLLILLLAALLGILLGLLWVLLLKLNSRNK	-218.772	0.437886	1
527	LLLLLILLLAALLGILTGLLMVLLLKLNSRNK	-214.522	0.533767	2
7	LLMLLLLLLAALLGILLGLLGVLKKTLNSRNK	-205.35	0.504398	2
742	LLMLLLLLLAALLGLLLGLLGVLLWKLLLRNK	-214.026	0.469884	2
356	LLMLLLLLLAALLGILLGLLMVLLLKLNLRNK	-215.43	0.540932	1
340	LLMLLLLLLAALLGILTGLLAVLLLKLNLRNK	-210.777	0.54133	1
578	LLMLLLLLLAALLGILLGILGVLLLKLNLRNK	-211.936	0.478933	1
245	LLMLLLLLLAALLGMLLGLIGVLLLKLNSRNK	-210.997	0.503253	2
508	LLMLLLLLLAALLGILLGLIMVLLKKLNSRNK	-213.706	0.492227	1
700	LLMLLLLLLAALLGILLGILGMLREKLRLRNK	-212.71	0.542909	1
550	LLMLLLLLLAALLGLLLGLLMVLLLKLNRRNK	-217.261	0.399952	2
575	LLMLLLLLLAALLGILTGLLMVLLLKLNSRNK	-213.189	0.552129	2
169	LLMLLLLLLAALLGILLGLLLVLLLKLNRRNK	-217.712	0.507679	1
301	LLMLLLLLLAALLGLLLGLIWVLRMKRNLRRK	-219.465	0.48745	2
443	LLMLLLLLLAALLGLLLGLLWVLRLKLRRRNK	-218.335	0.508602	2
358	LLMLLLLLLAALLGILLGLIGVLLLKLNRRNK	-214.089	0.48043	1
487	LLMLLLLLLAALLGLLLGLLMVLLWKLRSRNK	-212.674	0.49737	1
318	LLMLLLLLLAALLGILLGLLGVLLMKLNSRNK	-209.74	0.473497	2
278	LLMLLLLLLAALLGILLGLLGVLREKLKSRNK	-213.982	0.569868	2
463	LLMLLLLLLAALLGILLGLLGVLLLKLNLRNK	-212.831	0.464178	2
759	LLMLLLLLLAILLGILLGLIGVWLWKLTSRNK	-214.367	0.60193	2
460	LLMLLLLLLAALLGILLGLLGVLLWKLNMRNK	-212.113	0.537752	1
657	LLMLLLLLLAALLGMLLGLLGVLRWKLDSRNK	-207.095	0.537916	2
672	LLMLLLLLLAALLGILLGILGVLLMKLNSRNK	-214.181	0.556092	2
307	LLMLLLLLLAALLGILLGILGVLLMKLNSRNK	-210.251	0.636013	1
664	LLMLLLLLLAALLGLLLGLIMVWLMKLNMRNK	-214.365	0.526791	1
492	LLMLLLLLLAALLGILLGLIGVLKKKRNSRRK	-213.313	0.560768	1
219	LLMLLLLLLAALLGILTGLLMVLLLKANLRNK	-213.262	0.51114	1
422	LLMLLLLLLAALLGILLGILMVLWLKLLLRNK	-216.021	0.495698	2
229	LLMLLLLLLAALLGILLGILGVLRKKLDSRNK	-209.631	0.567584	1
763	LLMLLLLLLAALLGILLGLLMVLLLKALLRNK	-216.672	0.469041	2
420	LLMLLLLLLAALLGILLGLLLVLLGKLNSRNK	-214.376	0.558578	1
348	LLMLLLLLLAALLGLLLGLLMVLLLKLNSRNK	-217.046	0.452388	1
697	LLMLLLLLLAALLGILLGLLGVLLMKLNSRNK	-212.313	0.575625	1
603	LLMLLLLLLAMLLGILLGLLGVLLKKLNSRNK	-211.644	0.534262	2
430	LLMLLLLLLAALLGILLGLLMVLLLKANSRNK	-217.406	0.48333	2
688	LLMLLLLLLAALLGILLGLLMLLLWKLNRRNK	-220.165	0.493555	2
788	LLMLLLLLLAALLGILLGLIGVWLMKRNSRNK	-213.049	0.563958	1
357	LLMLLLLLLAALLGILLGLIGVLRMKLNSRNK	-205.704	0.50984	1
62	LLLLLLLLLAALLGILLGLILVWRGKLTSRNK	-206.518	0.517137	2
627	LLMLLLLLLAALLGMLLGILGVLLMKLNLRNK	-209.83	0.49748	1
547	LLMLLLLLLAALLGILLGLLGVLLLKLNRRNK	-214.474	0.557434	1
379	LLMLLLLLLAALLGILLGLLLVLLLKLNSRNK	-216.61	0.510657	2
409	LLMLLLLLLAALLGILLGLIMVLLLKANRRNK	-215.994	0.549096	1
205	LLMLLLLLLAALLGILLGILGVLLWKLNNRNK	-215.546	0.538075	1
770	LLMLLLLLLAALLGLLLGLILVLRLKLTLRNK	-211.997	0.551597	1
382	LLMLLLLLLAALLGILTGLLMVLLLKANRRNK	-214.425	0.561326	1
689	LLMLLLLLLAALLGILLGLLGVLLWKLNMRNK	-215.699	0.553606	2
347	LLMLLLLLLAALLGILTGLLMVLLLKLNSRNK	-212.424	0.564717	1
375	LLMLLLLLLAALLGILTGILAVLLMKLNSRNK	-207.091	0.544242	1
400	LLLLLLLLLAALLGILLGLLGVLLLKLNRRNK	-214.679	0.570456	2
315	LLMLLLLLLAALLGLLLGLLLVLLLKLISRMK	-215.622	0.509103	1
709	LLMLLLLLLAALLGILLGILGVLLNKLNNRNK	-211.885	0.528818	1
146	LLMLLLLLLAALLGILLGILGVLLRKLDLRNK	-215.135	0.524165	1
378	LLMLLLLLLAALLGILLGLLLVLLLKLNSRNK	-217.282	0.449883	1
610	LLMLLLLLLAALLGILLGLLMVLLLKLNLRNK	-214.993	0.463326	2
504	LLMLLLLLLAALLGILLGLLLVLWWKRMSRNK	-217.391	0.532601	2
299	LLMLLLLLLAALLGILLGLIGVLRMKLNSRNK	-204.578	0.546089	1
39	LLMLLLLLLAALLGILLGLLALLRNNLNSRNK	-214.905	0.528618	2
316	LLLLLILLLAALLGILLGLLAVLLMKLNSRNK	-211.334	0.495369	1
61	LLMLLLLLLAALLGILLGLIGVLLLKAARRRK	-214.525	0.477657	1
290	LLMLLLLLLAALLGLLLGLLLVLLLKLNSRNK	-217.377	0.460212	1
24	LLLLLILLLAALLGILLGLLMVLLLKANSRNK	-217.744	0.478996	1
552	LLMLLLLLLAALLGMLLGLLGVLLMKLNLRNK	-209.493	0.446499	1
60	LLMLLLLLLAALLGILLGLIGVWIMKLNSRNK	-210.1	0.536923	1
269	LLMLLLLLLAALLGLLLGLLMVLLLKANLRNK	-217.356	0.509476	1
723	LLMLLLLLLAALLGLLLGLLMVLLWKLNSRNK	-218.004	0.498479	1
591	LLMLLLLLLAALLGILLGLLGVLWLKLMLRNK	-212.32	0.478543	1
785	LLMLLLLLLAALLGILLGIIGVLRKKLNLRNK	-207.137	0.60358	1
502	LLLLLILLLAALLGILLGLLWVLRLKLRLRNK	-213.601	0.526384	1
735	LLLLLILLLAALLGILLGLLAVLRNKLNSRNK	-215.278	0.565423	1
435	LLWLLLLLLAALLGLLLGLILVLRGKLSSRNK	-212.658	0.539793	2
359	LLLLLILLLAALLGILLGLLMVLLWKLNMRNK	-219.066	0.527393	1
632	LLMLLLLLLAALLGILLGLILVLLGKRNLRNK	-213.902	0.55565	2
640	LLLLLLLLLAALLGILLGLLMVLLLKLNLRNK	-217.566	0.503959	2
421	LLMLLLLLIAAILGILTGLIMVLLLKANLRNK	-213.39	0.555655	1
589	LLMLLLLLLAALLGLLLGLLLVLLLKLNRRNK	-219.253	0.479514	2
312	LLMLLLLLLAALLGILLGLLLVLLWKLNRRNK	-220.519	0.522043	1
394	LLMLLLLLLAALLGILLGLLGVLLLKANRRNK	-213.693	0.475902	2
796	LLLLLILLLAALLGILLGLLMVLLRKLNLRNK	-219.001	0.491078	2
733	LLMLLLLLLAALLGLLLGLLLVLLLKLNSRNK	-217.044	0.427648	1
104	LLMLLLLLLAALLGILLGILMVLLLKLALRRK	-216.291	0.556456	1
295	LLMLLLLLLAALLGILLGIIGVLLLKLTLRNK	-211.685	0.539154	2
743	LLMLLLLLLAALLGILTGLLMVLLLKLNSRNK	-212.351	0.557804	1
214	LLLLLILLLAALLGILLGLLLVLLLKLNSRNK	-218.363	0.455442	1
636	LLMLLLLLLAALLGLLLGLLMVLLLKLNLRNK	-216.794	0.489255	1
485	LLMLLLLLLAALLGILLGILGVLLRKLTSRNK	-211.487	0.523265	2
103	LLMLLLLLLAALLGILLGLIGVWIMKLNSRNK	-209.466	0.585183	1
288	LLMLLLLLLAALLGILLGILGVLLLKLNSRNK	-213.729	0.553369	2
308	LLMLLLLLLAALLGILLGLLGVLLKKLNSRNK	-210.74	0.517225	2
142	LLLLLLLLLAALLGILLGLLGVLLKKLNLRNK	-212.573	0.543666	1
35	LLLLLILLLAALLGLLLGLLMVLLLKLNSRNK	-217.11	0.449519	1
641	LLMLLLLLLAALLGILLGLLMVLLLKLNLRNK	-216.352	0.555477	2
74	LLMLLLLLLAALLGILTGILMVLLLKANLRNK	-214.23	0.544903	1
433	LLMLLLLLLAALLGILTGILMVLLLKLNSRNK	-213.672	0.492632	1
182	LLMLLLLLLAALLGILLGLILVLRAKLNSRNK	-214.385	0.533299	2
302	LLMLLLLLLAALLGILLGLLWVLLLKLNLRNK	-216.192	0.499874	1
624	LLMLLLLLLAALLGILLGLLGVLLKKLNLRNK	-211.138	0.535096	1
48	LLMLLLLLLAALLGILLGLLLVLRLKLNSRNK	-214.765	0.4426	2
643	LLMLLLLLLAALLGILTGLLMVLLLKLNSRNK	-213.455	0.534577	0
75	LLMLLLLLLAALLGLLLGLLMVLLLKLNLRNK	-216.067	0.51036	1
101	LLMLLLLLLAALLGILLGLLGVLLMKLNSRNK	-208.751	0.585442	1
45	LLMLLLLLLAALLGLLLGLLGVLLLKLNSRNK	-211.982	0.482524	1
790	LLMLLLLLLAALLGLLLGLLMVLLLKLNLRNK	-215.676	0.506797	2
202	LLMLLLLLLAALLGILLGLIMVLLWKANMRNK	-219.181	0.543964	2
493	LLMLLLLLLAALLGILLGILGVLLWKRLSRRK	-215.574	0.480793	2
659	LLMLLLLLLAALLGILLGILGVLLRKLTSRNE	-207.855	0.50791	2
164	LLMLLLLLLAALLGILLGILGVLRKKLNSRNK	-207.686	0.573434	1
110	LLMLLLLLLAALLGILLGLIWVLWNKLNSRNK	-215.37	0.573143	1
737	LLMLLLLLLAALLGLLLGLLGVLREKLRSRNK	-210.413	0.521048	1
684	LLMLLLLLLAALLGLLLGLLGVLWMKLNSRNK	-211.063	0.548542	1
211	LLMLLLLLLAALLGMLLGLIGVLLLKLNLRNK	-212.429	0.504991	2
586	LLMLLLLLLAALLGLLLGLLMVLLLKALLRNK	-217.632	0.505461	2
782	LLMLLLLLLAALLGILLGLLGVLLNKLNSRNK	-209.289	0.444149	1
355	LLMLLLLLLAALLGLLLGLIMVLLLKLNRRNK	-216.064	0.500581	2
576	LLLLLILLLAALLGLLLGLLMVLLLKANLRNK	-217.494	0.577883	1
158	LLMLLLLLLAALLGILLGLLGVLLLKANRRNK	-213.6	0.54875	2
622	LLMLLLLLLAALLGILLGLIGVWRMKLNSRNK	-205.357	0.530516	1
476	LLMLLLLLLAALLGILLGLLMVLLLKLNSRNK	-216.236	0.446654	1
499	LLMLLLLLLAALLGLLLGLLAVLWLDLNSRNK	-213.386	0.545723	1
113	LLLLLILLLAALLGLLLGLLWVLLLKLNLRNK	-218.123	0.507312	1
414	LLMLLLLLLAALLGLLLGLIWVLRNNRNSRRK	-216.118	0.527509	1
321	LLLLLLLLLAALIGLLIGLLGILLTKATSRNK	-207.871	0.454995	1
90	LLMLLLLLLAALLGILTGILAVLLMKLNSRNK	-208.496	0.573444	2
403	LLMLLLLLLAALLGILLGILAVLLKKLNSRNK	-212.158	0.539745	1
410	LLMLLLLLLAALIGILLGLLAVLLMKLNSRNK	-211.625	0.528777	1
374	LLMLLLLLLAALLGILLGLLAVLLMKLNSRNK	-209.474	0.606168	1
628	LLMLLLLLLAALLGILLGLLGVLRKKLNSRNK	-205.978	0.518475	2
553	LLMLLLLLLAALLGILLGLLMVLLLKLNSRNK	-214.859	0.423646	2
486	LLLLLILLLAALLGLLLGLLWVLLLKLNSRNK	-220.256	0.507951	1
240	LLMLLLLLLAALLGILLGLIGVLLLKLNRRNK	-214.078	0.515229	2
234	LLMLLLLLLAALLGLLLGLIWVLRGTLNSRNK	-207.884	0.517651	2
217	LLMLLLLLLAALLGILLGLLGVLKMKLNSRNK	-206.79	0.523602	1
231	LLMLLLLLLAALLGILLGLLWVLLLKLNSRNK	-218.805	0.539309	1
602	LLLLLILLLAALLGILLGLLMVLLLKLALRRK	-217.766	0.450489	1
47	LLLLLLLLLAALLGILLGLLGVLWWKAMMRNK	-214.677	0.480289	1
730	LLMLLLLLLAALLGILLGLLGVLLKKLNNRNK	-212.865	0.563441	2
787	LLMLLLLLIAAILGLLLGLLLVLLLKLNLRNK	-216.336	0.460472	1
704	LLLLLILLLAALLGILLGLLMVLLLKANLRNK	-215.741	0.477013	1
558	LLMLLLLLLAALLGILLGIIGVLRMKLNSRNK	-207.452	0.592661	1
33	LLLLLILLLAALLGILLGLLGILLNKLNSRNK	-213.259	0.47836	2
141	LLMLLLLLLAALLGILLGIIGVLRKKLNSRNK	-205.772	0.634048	1
686	LLMLLLLLLAALLGILLGLLGVLLWTLNRRNK	-212.679	0.505109	1
395	LLMLLLLLLAALLGILTGILAVLLMKLNSRNK	-208.245	0.576772	1
560	LLMLLLLLLAALLGMLLGILGVLLMKLNLRNK	-210.25	0.529431	1
71	LLMLLLLLLAALLGILLGIIGVLRMKLNSRNK	-206.83	0.579784	1
329	LLLLLILLLAALLGLLLGLLMVLLLKLNSRNK	-217.052	0.470977	1
594	LLLLLLLLLAALLGILLGLLGVLRNKLNSRNK	-206.861	0.474478	2
28	LLMLLLLLLAALLGILIGILGVLLNKLNNRNK	-212.969	0.538351	1
36	LLMLLLLLLAALLGILLGLIMVLLLKLNLRNK	-214.122	0.476429	2
526	LLMLLLLLLAMLLGILLGLLGILLLKLNRRNK	-215.586	0.510268	1
381	LLMLLLLLLAALLGLLLGLIMVLLLKLNLRNK	-216.232	0.539312	1
256	LLMLLLLLLAALLGILLGLLMVLLLKANLRNK	-213.991	0.509342	1
745	LLMLLLLLLAALLGILLGLLGVLRMKLDLRNK	-208.687	0.572558	1
596	LLMLLLLLLAALLGLLLGLLWVLLLRLNRRNK	-218.707	0.519016	2
648	LLMLLILLLAALLGLLLGLLMVLLLKLNRRNK	-216.978	0.443145	1
361	LLMLLLLLLAALLGILLGLLWVLWLKLMSRRK	-216.005	0.564399	1
707	LLLLLILLLAALLGILLGIIGVLRMKLNSRNK	-209.202	0.540265	1
323	LLMLLLLLLAALLGLLLGLLMVLLLKLNRRNK	-216.748	0.453956	1
372	LLLLLILLLAALLGLLLGLLLVLLLLRRLRRK	-219.048	0.438985	1
255	LLMLLLLLLAALLGLLLGLLMVLLLKANLRNK	-215.641	0.536829	1
393	LLMLLLLLLAALLGILLGLIGVLLLKLNRRNK	-213.035	0.464207	2
786	LLMLLLLLLAALLGILLGILGVLLLKLNLRNK	-210.953	0.473173	1
284	LLMLLLLLLAALLGILLGIIGVLLKKLNSRNK	-211.943	0.594442	1
154	LLLLLLLLLAALLGILLGLIMVLLKKLNNRNK	-218.925	0.564466	1
220	LLLLLILLLAALLGILLGLLGVLLLKANRRNK	-213.747	0.501855	1
630	LLMLLLLLLAALLGILLGLLMVLLWKLNSRNK	-216.676	0.540648	1
313	LLMLLLLLLAALLGILLGLIGVLLLKLNRRNK	-213.48	0.496741	1
377	LLMLLLLLLAALLGMLTGLIMVLLLKLNLRNK	-212.196	0.579932	1
441	LLMLLLLLLAALLGILLGLIGVWIMKLNSRNK	-212.32	0.487328	1
242	LLMLLLLLLAALLGILLGLLWVLLLKLNLRNK	-216.828	0.559505	1
176	LLMLLLLLLAALLGILLGLILVLRGKLSSRNK	-210.079	0.537063	1
363	LLMLLLLLLAALLGILLGLLGVLLWKLSSRNK	-212.626	0.58537	1
396	LLMLLLLLLAALLGILLGLLLVLLWKLNMRNK	-218.414	0.433419	1
741	LLMLLLLLLAALLGLLLGLLLVLRWKLDSRNK	-211.514	0.436561	1
667	LLMLLLLLLAALLGLLLGLLMVLLLKLNLRNK	-217.376	0.490763	2
597	LLLLLLLLLAALLGILLGLIGVWKKKLNSRNK	-209.021	0.600941	1
579	LLMLLLLLLAALLGLLLGLLMVLLLKANRRNK	-215.949	0.494385	1
459	LLMLLLLLLAALLGIILGIIGVLRKKLNSRNK	-206.118	0.519005	2
784	LLMLLLLLLAALLGILLGILAVLRKKLDSRKK	-213.313	0.571739	2
49	LLMLLLLLLAALLGILLGILGVLRKKLNSRNK	-206.139	0.527295	1
679	LLMLLLLLLAALLGILLGILGVLLLKLNSRNK	-213.458	0.51577	1
510	LLMLLLLLLAALLGLLLGLLGVLLLKLNSRNK	-213.777	0.562055	1
185	LLLLLLLILAALLGLLLGLILVLRAKLTSRNK	-212.047	0.603348	0
426	LLMLLLLLLAALLGILLGLLGVLWMKLNLRNK	-207.474	0.492948	2
79	LLMLLLLLLAALLGILLGLLMVLLLKLNSRNK	-216.447	0.518236	1
215	LLMLLLLLLAALLGILLGILGVLLMKLNSRNK	-210.336	0.585431	2
670	LLMLLLLLLAALLGLLLGLLMVLLLKLNLRNK	-216.439	0.528187	1
490	LLMLLLLLLAALLGLLLGLLLVLLWKLNMRNK	-220.364	0.512093	1
453	LLMLLLLLLAALLGILLGLLMVLLLKLNLRNK	-216.214	0.533894	1
99	LLMLLLLLLAALLGILLGILGVLLRKLNLRNK	-212.899	0.508511	1
674	LLMLLLLLLAALLGLLLGLLMVLLWKLILRMK	-218.156	0.556573	1
639	LLMLLLLLLAALLGILLGLLMVLLLKLNRRNK	-217.192	0.56938	1
388	LLLLLILLLAALLGILLGLLGVLLWKLNNRNK	-215.74	0.570608	1
120	LLMLLLLLLAALLGILLGLIMVLLLKLNSRNK	-216.881	0.499176	1
21	LLMLLLLLLAALLGILLGLLMVLLLKLNSRNK	-216.414	0.496595	1
511	LLMLLLLLLAALLGIILGILGVLRKKLNSRNK	-206.89	0.565416	1
762	LLMLLLLLLAALLGILTGLIMVLLLKLNRRNK	-217.096	0.537236	1
227	LLMLLLLLLAALLGLLLGLLGVLLLKLRLRRK	-211.35	0.491552	1
455	LLLLLILLLAALLGLLLGLLMVLWLKLNLRNK	-216.47	0.452669	1
305	LLMLLLLLLAALLGLLLGLIMVLLLKLNLRNK	-215.55	0.485346	2
418	LLMLLLLLLAALLGLLLGLLMVLLLKLNRRNK	-216.589	0.500301	1
105	LLMLLLLLLAALLGILLGLIGVWLMKRNSRNK	-212.769	0.555579	1
439	LLMLLLLLLAALLGLLLGLLLVLLLKLNSRNK	-217.875	0.510198	1
442	LLMLLLLLLAALLGILTGLIMVLLLKLARRRK	-213.903	0.493908	1
551	LLMLLLLLLAALLGILLGLLGVLLWKLNNRNK	-214.311	0.62199	1
325	LLMLLLLLLAALLGILLGLLGVLRKKLNSRNK	-205.353	0.619517	2
5	LLMLLLLLLAALLGILLGLLLVLLLKLNRRNK	-218	0.475846	2
89	LLMLLLLLLAALLGILLGLIGVLLLKLNRRNK	-212.466	0.490275	1
257	LLLLLILLLAALLGILLGLLMVLLWKLNNRNK	-219.11	0.541981	1
391	LLMLLLLLLAALLGILLGLIGVWINKLNSRNK	-210.549	0.507924	2
734	LLMLLLLLLAALLGILLGLLMVLLLKLNRRNK	-216.395	0.466406	1
727	LLMLLLLLLAALLGILLGLLGVLLLKANRRNK	-213.46	0.581018	1
613	LLMLLLLLLAALLGILLGLIMVLLLKLNLRNK	-214.364	0.458336	1
753	LLMLLLLLLAALLGILLGLIGVLLWKLILRNK	-213.361	0.486791	2
216	LLMLLLLLLAALLGILTGILAVLKKKLNSRNK	-204.969	0.543424	1
587	LLMLLLLLLAALLGILLGLLGVLLLKANLRNK	-211.352	0.512901	1
376	LLMLLLLLLAALLGILLGLLMVLLWKLNSRNK	-218.342	0.523423	1
207	LLMLLLLLLAALLGILLGLLLVLLLKLNSRNK	-217.034	0.464369	1
599	LLMLLLLLLAALLGILTGILAVLLNKLNNRNK	-209.79	0.549196	1
309	LLMLLLLLLAALLGILLGILAVLKKKLNSRNK	-210.725	0.550057	1
413	LLMLLLLLLAALLGILLGLLGVLRKKLDSRNK	-207.199	0.54238	2
383	LLMLLLLLLAALLGLLTGLLAVLLLKLNSRNK	-211.985	0.494882	1
20	LLMLLLLLLAALLGLLLGLLMVLLLKLNLRNK	-216.778	0.489242	2
115	LLMLLLLLLAALLGILLGLIGVWINKLNSRNK	-212.04	0.58799	1
690	LLMLLLLLLAALLGILTGLIMVLLLKLNLRNK	-213.084	0.536035	1
749	LLMLLLLLLAALLGILLGLLGVLLRKLTSRNK	-207.306	0.484792	2
193	LLMLLLLLLAALLGILLGLLGVLRLKLDSRNK	-209.566	0.519536	1
224	LLLLLILLLAALLGILLGLLMVLLLKANLRNK	-215.692	0.468321	1
82	LLMLLLLLLAALLGLLLGLLMVLLLKANRRNK	-216.287	0.455706	1
611	LLMLLLLLLAALLGILLGLIMVLLLKLNRRNK	-216.64	0.440639	1
389	LLMLLLLLLAALLGILLGLLGVLLLKANLRNK	-213.06	0.595075	1
585	LLMLLLLLLAALLGILLGLIMVLLLKLNSRNK	-214.417	0.508394	1
350	LLMLLLLLLAALLGILLGLIMVLLLKANSRNK	-215.505	0.492133	2
268	LLMLLLLLLAALLGILLGLLLVLLLKLNSRNK	-218.047	0.527445	1
572	LLLLLILLLAALLGILLGLIGVLLLKLNRRNK	-214.703	0.477492	1
92	LLMLLLLLLAALLGILLGLLGVLLKKLNLRNK	-210.356	0.478346	1
52	LLLLLILILAALLGLLLGLLLVLRMKLNSRNK	-213.056	0.469226	0
322	LLMLLLLLLAALLGLLLGLIGVLRLKLNSRNK	-207.575	0.481519	1
213	LLLLLILLLAALLGLLLGLLLVLLWKLNMRNK	-220.782	0.500935	1
338	LLMLLLLLLAALLGILLGILGVLKKKLNSRNK	-209.159	0.553581	2
177	LLMLLLLLLAALLGLLLGLLLVLLLKLISRRK	-218.827	0.496842	1
353	LLMLLLLLLAALLGILLGLLGVLLMKLNSRNK	-212.747	0.476545	1
360	LLMLLLLLLAALLGILLGLLGVLLLKLNSRNK	-211.329	0.536262	2
306	LLMLLLLLLAALLGILLGLIGVWLLKLNLRNK	-214.35	0.565363	1
131	LLMLLLLLLAALLGLLLGLLMVLLLKRLLRRK	-219.598	0.466697	1
175	LLMLLLLLLAALLGILLGIIGILLLKATLRNK	-212.598	0.554914	2
139	LLMLLLLLLAALLGMLTGILMVLLLKLNLRNK	-211.925	0.515634	1
650	LLMLLLLLLAALLGILLGLLLVLLWKLNMRNK	-219.456	0.529365	1
187	LLLLLILLLAALLGILLGLLGVLLKKLNLRNK	-211.482	0.549547	1
42	LLMLLLLLLAALLGLLLGLIMVLLLKLNRRNK	-217.424	0.428587	1
287	LLMLLLLLLAALLGLLLGLLWVLRLKLDLRNK	-213.27	0.571878	2
767	LLMLLLLLLAALLGLLLGLLWVLLLKLNLRNK	-217.715	0.517025	1
280	LLMLLLLLLAALLGLLLGLLLVLLLKLNSRNK	-218.067	0.514425	1
719	LLMLLLLLLAALLGMLLGLLGVLLMKLNLRNK	-211.004	0.496402	1
58	LLMLLLLLLAALLGILLGLLGVLLLKRNSRRK	-215.301	0.507767	2
501	LLLLLILLLAALLGILLGLLMVLLLKLNLRNK	-217.453	0.45848	1
634	LLMLLLLLLAALLGLLLGLLMVLLLKLNLRNK	-216.467	0.482467	2
40	LLMLLLLLLAALLGILLGILGVLLNKLNLRNK	-212.557	0.499293	1
77	LLMLLLLLLAALLGLLLGLLLVLLLKLNSRNK	-215.768	0.485465	1
570	LLMLLLLLLAALLGILLGILGVLLLKANLRNK	-212.038	0.48955	2
264	LLMLLLLLLAALLGILTGLLLVLLLKLNSRNK	-213.514	0.445207	1
399	LLMLLLLLLAALLGLLLGLLWVLRLKLRRRNK	-215.035	0.523908	2
569	LLLLLILLLAALLGMLLGLLGALLWKLSSRNK	-215.952	0.549108	2
642	LLMLLLLLLAALLGILLGLLGVLLLKANRRNK	-213.429	0.48758	1
258	LLMLLLLLLAALLGILLGILGVLLKKLNNRNK	-211.533	0.544736	0
635	LLMLLLLLLAALLGLLLGLIMVLLLKLNLRNK	-216.551	0.432778	1
330	LLMLLLLLLAALLGILLGLLWVLRMKLNRRNK	-213.458	0.542455	1
1	LLLLLLLLLAALLGMLLGLIMVLLLKLNLRNK	-215.105	0.466119	1
595	LLMLLLLLLAALLGILLGLIMVLLLKLNRRNK	-217.596	0.476379	1
194	LLMLLLLLIAAILGILTGLLMVLLLKLNSRNK	-212.859	0.5144	1
392	LLMLLLLLLAALLGILLGLLAVLRKKLDSRKK	-211.377	0.612227	2
293	LLLLLLLLLAALLGILLGLIGMLLLKLNRRNK	-216.615	0.528216	2
481	LLMLLLLLLAALLGLLLGLLAVLLLKLNSRNK	-213.522	0.536737	1
655	LLMLLLLLLAALLGILLGLLGVLLLKLNRRNK	-213.72	0.538828	2
556	LLMLLLLLLAALLGLLLGLLGVLLMKLNSRNK	-210.742	0.546612	1
660	LLMLLLLLLAALLGILLGILMVLLLKLNLRNK	-214.849	0.533259	1
458	LLMLLLLLLAALLGILLGLLLVLLWKLNRRNK	-220.443	0.570835	1
271	LLLLLILLLAALLGILLGLLMVLLLKANLRNK	-215.467	0.598028	1
495	LLMLLLLLLAALLGILLGILGVLLLKLNLRNK	-212.412	0.535313	1
658	LLMLLVLLLAALLGILLGLIMVLLLKLNLRNK	-213.363	0.550025	2
183	LLMLLLLLLAALLGILLGLLGVLWLKAMRRNK	-211.696	0.543098	1
32	LLMLLLLLLAALLGMLLGLLGVLWMKLNLRNK	-209.636	0.471615	2
738	LLLLLILLLAALLGILLGLLLVLLLKLNSRNK	-218.196	0.514518	1
758	LLMLLLLLLAALLGILLGLLMVLLLKLNRRNK	-217.898	0.464026	1
718	LLMLLLLLLAALLGIILGILGVLLNKLNNRNK	-213.874	0.544464	1
466	LLMLLLLLLAALLGLLLGLLMVLLLKLNSRNK	-217.652	0.437695	2
706	LLLLLILLLAALLGILLGLLMVLLLKLNSRNK	-215.128	0.509294	1
756	LLMLLLLLLAALLGILLGLLMVLLLKLNRRNK	-219.089	0.492577	2
12	LLMLLLLLLAALLGLLLGLLLVLLLKLNSRNK	-217.68	0.486609	1
17	LLLLLILLLAALLGLLLGLLLVLLLKLNSRNK	-217.662	0.408211	1
669	LLMLLLLLLAALLGILLGLIGVWRMKLNMRNK	-204.713	0.475854	1
344	LLMLLLLLLAALLGLLLGLIMVLLLKLNLRNK	-215.07	0.477902	2
150	LLLLLILLLAALLGLLLGLIMVLLLKLNRRNK	-218.9	0.505739	1
405	LLLLLILLLAALLGMLLGLIGVLLMKLNLRNK	-211.062	0.49386	1
337	LLMLLLLLLAALLGILLGILLVLLMKLNSRNK	-218.021	0.476314	2
419	LLMLLLLLLAALLGILLGILGVLLKKLNSRNK	-210.528	0.500762	0
145	LLMLLLLLLAALLGILLGLIGVWLMKLTSRNK	-208.83	0.528441	1
604	LLLLLILLLAALLGLLLGLLMVLLLKANLRNK	-215.736	0.477023	1
54	LLMLLLLLLAALLGILLGLLMVLRWKLDSRNK	-208.202	0.492976	2
385	LLMLLLLLLAALLGLLLGLLMVLLLKLNRRNK	-216.998	0.432756	1
448	LLLLLLLLLAALLGILLGLLMVLLLKLNLRNK	-215.068	0.52203	1
681	LLMLLLLLLAALLGLLLGLLMVLLMNLNSRNK	-214.07	0.571859	1
415	LLMLLLLLLAALLGILLGLLWVLWWKRMTRRK	-220.604	0.564895	1
766	LLLLLILLLAALLGILLGILGVLLRKLTSRNK	-211.687	0.558405	2
179	LLLLLILLLAALLGILLGLILVLRGKLNSRNK	-208.286	0.461615	1
324	LLMLLLLLLAALLGILLGLLGVLLLKANRRNK	-213.037	0.47941	1
292	LLMLLLLLLAALLGILLGLLMVLLLKLNSRNK	-216.574	0.53305	1
147	LLMLLLLLLAALLGLLLGLIMVLLLKALLRNK	-215.717	0.492887	0
678	LLMLLLLLLAALLGLLLGLIMVLLLKLNLRNK	-215.637	0.533019	2
155	LLMLLLLLLAALLGILLGLIGVWLWKARMRNK	-213.821	0.509528	1
314	LLMLLLLLLAALLGLLLGLLWVLLWKLNMRNK	-216.907	0.502239	2
732	LLMLLLLLLAALLGILLGLLGVLLKKLNSRNK	-211.489	0.641454	1
557	LLMLLLLLLAALLGILLGLLGVLRNKLNSRNK	-209.296	0.569703	2
449	LLLLLILLLAALLGLLLGLLLVLLWKLNMRNK	-218.613	0.50198	1
617	LLMLLLLLLAALLGILLGLIGVLLLKLNRRNK	-214.391	0.510642	2
218	LLMLLLLLLAALLGILLGILGVLKKKLNSRNK	-209.092	0.508411	1
162	LLMLLLLLLAALLGILLGLILVWLWKLNMRNK	-217.977	0.537244	1
44	LLMLLLLLLAALLGILLGLLGTLWWKLDSRNK	-208.573	0.585208	1
606	LLMLLLLLLAALLGILLGLLGVLLKKLNSRNK	-210.743	0.475168	1
522	LLMLLLLLLAALLGILLGLIGVWRMKLNSRNK	-208.045	0.540463	1
539	LLMLLLLLLAALLGILLGLIGVLRMKLTSRMN	-203.881	0.574239	1
204	LLLLLILLLAALLGILLGLLMVLLLKLNLRNK	-217.202	0.581351	1
546	LLMLLLLLLAALLGILLGLLGVLLLKLLLRNK	-211.5	0.475184	1
143	LLMLLLLLLAALLGILLGLLGVLLLKANRRNK	-214.522	0.521396	1
304	LLMLLLLLLAALLGILLGLLGVLLWKLNTRNK	-212.867	0.49905	1
172	LLMLLLLLLAALLGILLGLLGVLLWKLNSRNK	-211.355	0.526103	2
371	LLMLLLLLLAALLGILLGLLLVLLLKLNSRNK	-214.939	0.425239	1
206	LLMLLLLLLAALLGILTGLLMVLLLKLNLRNK	-209.961	0.56654	1
531	LLMLLLLLLAALLGILLGLLMVLLLKLNLRNK	-215.019	0.536253	2
263	LLMLLLLLLAALLGILLGLIMVLLLKLNSRNK	-215.691	0.546339	1
620	LLMLLLLLLAALLGILLGLIMVLLLKLNLRNK	-215.05	0.509981	1
386	LLMLLLLLLAALLGILLGLLGVLLKKLNLRNK	-210.552	0.549068	1
